GR,F1,AGE,Count
Всего,B20-B24,Всего,104
Всего,B20-B24,0-4,0
Всего,B20-B24,5-9,0
Всего,B20-B24,10-14,0
Всего,B20-B24,15-19,0
Всего,B20-B24,20-24,0
Всего,B20-B24,25-29,4
Всего,B20-B24,30-34,11
Всего,B20-B24,35-39,15
Всего,B20-B24,40-44,26
Всего,B20-B24,45-49,19
Всего,B20-B24,50-54,11
Всего,B20-B24,55-59,7
Всего,B20-B24,60-64,4
Всего,B20-B24,65-69,7
Всего,B20-B24,70-74,0
Всего,"A15-A19, B90, J65",Всего,159
Всего,"A15-A19, B90, J65",0-4,0
Всего,"A15-A19, B90, J65",5-9,0
Всего,"A15-A19, B90, J65",10-14,0
Всего,"A15-A19, B90, J65",15-19,0
Всего,"A15-A19, B90, J65",20-24,0
Всего,"A15-A19, B90, J65",25-29,0
Всего,"A15-A19, B90, J65",30-34,7
Всего,"A15-A19, B90, J65",35-39,7
Всего,"A15-A19, B90, J65",40-44,26
Всего,"A15-A19, B90, J65",45-49,15
Всего,"A15-A19, B90, J65",50-54,11
Всего,"A15-A19, B90, J65",55-59,26
Всего,"A15-A19, B90, J65",60-64,37
Всего,"A15-A19, B90, J65",65-69,19
Всего,"A15-A19, B90, J65",70-74,11
Всего,C00-C14,Всего,169
Всего,C00-C14,0-4,0
Всего,C00-C14,5-9,0
Всего,C00-C14,10-14,0
Всего,C00-C14,15-19,0
Всего,C00-C14,20-24,0
Всего,C00-C14,25-29,0
Всего,C00-C14,30-34,4
Всего,C00-C14,35-39,7
Всего,C00-C14,40-44,4
Всего,C00-C14,45-49,15
Всего,C00-C14,50-54,26
Всего,C00-C14,55-59,34
Всего,C00-C14,60-64,45
Всего,C00-C14,65-69,15
Всего,C00-C14,70-74,19
Всего,C15,Всего,108
Всего,C15,0-4,0
Всего,C15,5-9,0
Всего,C15,10-14,0
Всего,C15,15-19,0
Всего,C15,20-24,0
Всего,C15,25-29,0
Всего,C15,30-34,7
Всего,C15,35-39,0
Всего,C15,40-44,4
Всего,C15,45-49,0
Всего,C15,50-54,7
Всего,C15,55-59,15
Всего,C15,60-64,30
Всего,C15,65-69,34
Всего,C15,70-74,11
Всего,C16,Всего,453
Всего,C16,0-4,0
Всего,C16,5-9,0
Всего,C16,10-14,0
Всего,C16,15-19,0
Всего,C16,20-24,4
Всего,C16,25-29,0
Всего,C16,30-34,4
Всего,C16,35-39,19
Всего,C16,40-44,15
Всего,C16,45-49,30
Всего,C16,50-54,37
Всего,C16,55-59,45
Всего,C16,60-64,67
Всего,C16,65-69,131
Всего,C16,70-74,101
Всего,C22,Всего,258
Всего,C22,0-4,11
Всего,C22,5-9,0
Всего,C22,10-14,0
Всего,C22,15-19,0
Всего,C22,20-24,0
Всего,C22,25-29,4
Всего,C22,30-34,0
Всего,C22,35-39,7
Всего,C22,40-44,4
Всего,C22,45-49,11
Всего,C22,50-54,34
Всего,C22,55-59,45
Всего,C22,60-64,52
Всего,C22,65-69,41
Всего,C22,70-74,49
Всего,C33-C34,Всего,723
Всего,C33-C34,0-4,0
Всего,C33-C34,5-9,0
Всего,C33-C34,10-14,0
Всего,C33-C34,15-19,11
Всего,C33-C34,20-24,0
Всего,C33-C34,25-29,7
Всего,C33-C34,30-34,15
Всего,C33-C34,35-39,7
Всего,C33-C34,40-44,7
Всего,C33-C34,45-49,22
Всего,C33-C34,50-54,56
Всего,C33-C34,55-59,75
Всего,C33-C34,60-64,183
Всего,C33-C34,65-69,194
Всего,C33-C34,70-74,146
Всего,C53,Всего,225
Всего,C53,0-4,0
Всего,C53,5-9,0
Всего,C53,10-14,0
Всего,C53,15-19,0
Всего,C53,20-24,0
Всего,C53,25-29,7
Всего,C53,30-34,19
Всего,C53,35-39,11
Всего,C53,40-44,19
Всего,C53,45-49,34
Всего,C53,50-54,30
Всего,C53,55-59,19
Всего,C53,60-64,34
Всего,C53,65-69,26
Всего,C53,70-74,26
Всего,C18-C21,Всего,522
Всего,C18-C21,0-4,0
Всего,C18-C21,5-9,0
Всего,C18-C21,10-14,0
Всего,C18-C21,15-19,0
Всего,C18-C21,20-24,4
Всего,C18-C21,25-29,4
Всего,C18-C21,30-34,0
Всего,C18-C21,35-39,19
Всего,C18-C21,40-44,11
Всего,C18-C21,45-49,22
Всего,C18-C21,50-54,41
Всего,C18-C21,55-59,82
Всего,C18-C21,60-64,108
Всего,C18-C21,65-69,112
Всего,C18-C21,70-74,119
Всего,C50,Всего,394
Всего,C50,0-4,0
Всего,C50,5-9,0
Всего,C50,10-14,0
Всего,C50,15-19,0
Всего,C50,20-24,0
Всего,C50,25-29,0
Всего,C50,30-34,7
Всего,C50,35-39,7
Всего,C50,40-44,30
Всего,C50,45-49,37
Всего,C50,50-54,56
Всего,C50,55-59,30
Всего,C50,60-64,63
Всего,C50,65-69,67
Всего,C50,70-74,97
Всего,"C91.0, C91.1",Всего,107
Всего,"C91.0, C91.1",0-4,26
Всего,"C91.0, C91.1",5-9,11
Всего,"C91.0, C91.1",10-14,15
Всего,"C91.0, C91.1",15-19,11
Всего,"C91.0, C91.1",20-24,0
Всего,"C91.0, C91.1",25-29,0
Всего,"C91.0, C91.1",30-34,0
Всего,"C91.0, C91.1",35-39,7
Всего,"C91.0, C91.1",40-44,4
Всего,"C91.0, C91.1",45-49,4
Всего,"C91.0, C91.1",50-54,0
Всего,"C91.0, C91.1",55-59,0
Всего,"C91.0, C91.1",60-64,7
Всего,"C91.0, C91.1",65-69,11
Всего,"C91.0, C91.1",70-74,11
Всего,E10-E14,Всего,1254
Всего,E10-E14,0-4,0
Всего,E10-E14,5-9,0
Всего,E10-E14,10-14,0
Всего,E10-E14,15-19,4
Всего,E10-E14,20-24,0
Всего,E10-E14,25-29,0
Всего,E10-E14,30-34,4
Всего,E10-E14,35-39,7
Всего,E10-E14,40-44,22
Всего,E10-E14,45-49,34
Всего,E10-E14,50-54,67
Всего,E10-E14,55-59,108
Всего,E10-E14,60-64,265
Всего,E10-E14,65-69,366
Всего,E10-E14,70-74,377
Всего,"G40,G41",Всего,114
Всего,"G40,G41",0-4,11
Всего,"G40,G41",5-9,4
Всего,"G40,G41",10-14,0
Всего,"G40,G41",15-19,7
Всего,"G40,G41",20-24,4
Всего,"G40,G41",25-29,15
Всего,"G40,G41",30-34,7
Всего,"G40,G41",35-39,7
Всего,"G40,G41",40-44,7
Всего,"G40,G41",45-49,15
Всего,"G40,G41",50-54,4
Всего,"G40,G41",55-59,7
Всего,"G40,G41",60-64,7
Всего,"G40,G41",65-69,15
Всего,"G40,G41",70-74,4
Всего,I71,Всего,121
Всего,I71,0-4,0
Всего,I71,5-9,0
Всего,I71,10-14,0
Всего,I71,15-19,0
Всего,I71,20-24,0
Всего,I71,25-29,0
Всего,I71,30-34,4
Всего,I71,35-39,4
Всего,I71,40-44,11
Всего,I71,45-49,4
Всего,I71,50-54,4
Всего,I71,55-59,34
Всего,I71,60-64,15
Всего,I71,65-69,19
Всего,I71,70-74,26
Всего,"I10-I13, I15",Всего,701
Всего,"I10-I13, I15",0-4,0
Всего,"I10-I13, I15",5-9,0
Всего,"I10-I13, I15",10-14,0
Всего,"I10-I13, I15",15-19,0
Всего,"I10-I13, I15",20-24,0
Всего,"I10-I13, I15",25-29,7
Всего,"I10-I13, I15",30-34,4
Всего,"I10-I13, I15",35-39,7
Всего,"I10-I13, I15",40-44,45
Всего,"I10-I13, I15",45-49,49
Всего,"I10-I13, I15",50-54,71
Всего,"I10-I13, I15",55-59,142
Всего,"I10-I13, I15",60-64,138
Всего,"I10-I13, I15",65-69,104
Всего,"I10-I13, I15",70-74,134
Всего,I20-I25,Всего,5182
Всего,I20-I25,0-4,0
Всего,I20-I25,5-9,0
Всего,I20-I25,10-14,0
Всего,I20-I25,15-19,0
Всего,I20-I25,20-24,4
Всего,I20-I25,25-29,4
Всего,I20-I25,30-34,37
Всего,I20-I25,35-39,75
Всего,I20-I25,40-44,164
Всего,I20-I25,45-49,369
Всего,I20-I25,50-54,567
Всего,I20-I25,55-59,746
Всего,I20-I25,60-64,929
Всего,I20-I25,65-69,1041
Всего,I20-I25,70-74,1246
Всего,I60-I69,Всего,2977
Всего,I60-I69,0-4,26
Всего,I60-I69,5-9,4
Всего,I60-I69,10-14,0
Всего,I60-I69,15-19,4
Всего,I60-I69,20-24,4
Всего,I60-I69,25-29,11
Всего,I60-I69,30-34,30
Всего,I60-I69,35-39,52
Всего,I60-I69,40-44,119
Всего,I60-I69,45-49,201
Всего,I60-I69,50-54,235
Всего,I60-I69,55-59,362
Всего,I60-I69,60-64,541
Всего,I60-I69,65-69,687
Всего,I60-I69,70-74,701
Всего,"I26, I80, I82.9",Всего,236
Всего,"I26, I80, I82.9",0-4,4
Всего,"I26, I80, I82.9",5-9,0
Всего,"I26, I80, I82.9",10-14,4
Всего,"I26, I80, I82.9",15-19,0
Всего,"I26, I80, I82.9",20-24,4
Всего,"I26, I80, I82.9",25-29,4
Всего,"I26, I80, I82.9",30-34,11
Всего,"I26, I80, I82.9",35-39,11
Всего,"I26, I80, I82.9",40-44,15
Всего,"I26, I80, I82.9",45-49,19
Всего,"I26, I80, I82.9",50-54,26
Всего,"I26, I80, I82.9",55-59,19
Всего,"I26, I80, I82.9",60-64,37
Всего,"I26, I80, I82.9",65-69,45
Всего,"I26, I80, I82.9",70-74,37
Всего,J09-J11,Всего,149
Всего,J09-J11,0-4,0
Всего,J09-J11,5-9,4
Всего,J09-J11,10-14,0
Всего,J09-J11,15-19,0
Всего,J09-J11,20-24,0
Всего,J09-J11,25-29,4
Всего,J09-J11,30-34,0
Всего,J09-J11,35-39,7
Всего,J09-J11,40-44,19
Всего,J09-J11,45-49,11
Всего,J09-J11,50-54,30
Всего,J09-J11,55-59,11
Всего,J09-J11,60-64,11
Всего,J09-J11,65-69,22
Всего,J09-J11,70-74,30
Всего,J40-J44,Всего,1202
Всего,J40-J44,0-4,0
Всего,J40-J44,5-9,0
Всего,J40-J44,10-14,0
Всего,J40-J44,15-19,0
Всего,J40-J44,20-24,0
Всего,J40-J44,25-29,0
Всего,J40-J44,30-34,4
Всего,J40-J44,35-39,4
Всего,J40-J44,40-44,7
Всего,J40-J44,45-49,45
Всего,J40-J44,50-54,45
Всего,J40-J44,55-59,119
Всего,J40-J44,60-64,228
Всего,J40-J44,65-69,347
Всего,J40-J44,70-74,403
Всего,"J12, J15, J16- J18",Всего,1087
Всего,"J12, J15, J16- J18",0-4,119
Всего,"J12, J15, J16- J18",5-9,7
Всего,"J12, J15, J16- J18",10-14,0
Всего,"J12, J15, J16- J18",15-19,11
Всего,"J12, J15, J16- J18",20-24,11
Всего,"J12, J15, J16- J18",25-29,0
Всего,"J12, J15, J16- J18",30-34,26
Всего,"J12, J15, J16- J18",35-39,67
Всего,"J12, J15, J16- J18",40-44,67
Всего,"J12, J15, J16- J18",45-49,93
Всего,"J12, J15, J16- J18",50-54,37
Всего,"J12, J15, J16- J18",55-59,97
Всего,"J12, J15, J16- J18",60-64,112
Всего,"J12, J15, J16- J18",65-69,194
Всего,"J12, J15, J16- J18",70-74,246
Всего,K25-K28,Всего,210
Всего,K25-K28,0-4,0
Всего,K25-K28,5-9,0
Всего,K25-K28,10-14,0
Всего,K25-K28,15-19,4
Всего,K25-K28,20-24,0
Всего,K25-K28,25-29,0
Всего,K25-K28,30-34,0
Всего,K25-K28,35-39,4
Всего,K25-K28,40-44,15
Всего,K25-K28,45-49,7
Всего,K25-K28,50-54,22
Всего,K25-K28,55-59,19
Всего,K25-K28,60-64,34
Всего,K25-K28,65-69,49
Всего,K25-K28,70-74,56
Всего,"K85.0,1,3,8,9",Всего,118
Всего,"K85.0,1,3,8,9",0-4,0
Всего,"K85.0,1,3,8,9",5-9,0
Всего,"K85.0,1,3,8,9",10-14,0
Всего,"K85.0,1,3,8,9",15-19,0
Всего,"K85.0,1,3,8,9",20-24,0
Всего,"K85.0,1,3,8,9",25-29,0
Всего,"K85.0,1,3,8,9",30-34,26
Всего,"K85.0,1,3,8,9",35-39,11
Всего,"K85.0,1,3,8,9",40-44,22
Всего,"K85.0,1,3,8,9",45-49,7
Всего,"K85.0,1,3,8,9",50-54,7
Всего,"K85.0,1,3,8,9",55-59,15
Всего,"K85.0,1,3,8,9",60-64,22
Всего,"K85.0,1,3,8,9",65-69,4
Всего,"K85.0,1,3,8,9",70-74,4
Всего,N17-N19,Всего,570
Всего,N17-N19,0-4,7
Всего,N17-N19,5-9,0
Всего,N17-N19,10-14,11
Всего,N17-N19,15-19,0
Всего,N17-N19,20-24,0
Всего,N17-N19,25-29,4
Всего,N17-N19,30-34,15
Всего,N17-N19,35-39,15
Всего,N17-N19,40-44,26
Всего,N17-N19,45-49,11
Всего,N17-N19,50-54,41
Всего,N17-N19,55-59,63
Всего,N17-N19,60-64,78
Всего,N17-N19,65-69,153
Всего,N17-N19,70-74,146
Всего,P00-P96,Всего,243
Всего,P00-P96,0-4,243
Всего,P00-P96,5-9,0
Всего,P00-P96,10-14,0
Всего,P00-P96,15-19,0
Всего,P00-P96,20-24,0
Всего,P00-P96,25-29,0
Всего,P00-P96,30-34,0
Всего,P00-P96,35-39,0
Всего,P00-P96,40-44,0
Всего,P00-P96,45-49,0
Всего,P00-P96,50-54,0
Всего,P00-P96,55-59,0
Всего,P00-P96,60-64,0
Всего,P00-P96,65-69,0
Всего,P00-P96,70-74,0
Всего,Q20-Q28,Всего,202
Всего,Q20-Q28,0-4,179
Всего,Q20-Q28,5-9,0
Всего,Q20-Q28,10-14,11
Всего,Q20-Q28,15-19,0
Всего,Q20-Q28,20-24,0
Всего,Q20-Q28,25-29,0
Всего,Q20-Q28,30-34,0
Всего,Q20-Q28,35-39,0
Всего,Q20-Q28,40-44,4
Всего,Q20-Q28,45-49,0
Всего,Q20-Q28,50-54,0
Всего,Q20-Q28,55-59,4
Всего,Q20-Q28,60-64,4
Всего,Q20-Q28,65-69,0
Всего,Q20-Q28,70-74,0
Всего,"E24.4, F10, G31.2, G62.1, G72.1, I42.6, K29.2, K70",Всего,534
Всего,"E24.4, F10, G31.2, G62.1, G72.1, I42.6, K29.2, K70",0-4,0
Всего,"E24.4, F10, G31.2, G62.1, G72.1, I42.6, K29.2, K70",5-9,0
Всего,"E24.4, F10, G31.2, G62.1, G72.1, I42.6, K29.2, K70",10-14,0
Всего,"E24.4, F10, G31.2, G62.1, G72.1, I42.6, K29.2, K70",15-19,0
Всего,"E24.4, F10, G31.2, G62.1, G72.1, I42.6, K29.2, K70",20-24,4
Всего,"E24.4, F10, G31.2, G62.1, G72.1, I42.6, K29.2, K70",25-29,4
Всего,"E24.4, F10, G31.2, G62.1, G72.1, I42.6, K29.2, K70",30-34,41
Всего,"E24.4, F10, G31.2, G62.1, G72.1, I42.6, K29.2, K70",35-39,34
Всего,"E24.4, F10, G31.2, G62.1, G72.1, I42.6, K29.2, K70",40-44,97
Всего,"E24.4, F10, G31.2, G62.1, G72.1, I42.6, K29.2, K70",45-49,134
Всего,"E24.4, F10, G31.2, G62.1, G72.1, I42.6, K29.2, K70",50-54,67
Всего,"E24.4, F10, G31.2, G62.1, G72.1, I42.6, K29.2, K70",55-59,93
Всего,"E24.4, F10, G31.2, G62.1, G72.1, I42.6, K29.2, K70",60-64,45
Всего,"E24.4, F10, G31.2, G62.1, G72.1, I42.6, K29.2, K70",65-69,15
Всего,"E24.4, F10, G31.2, G62.1, G72.1, I42.6, K29.2, K70",70-74,0
Всего,"K73, K74.0-K74.2, K74.6",Всего,1296
Всего,"K73, K74.0-K74.2, K74.6",0-4,0
Всего,"K73, K74.0-K74.2, K74.6",5-9,0
Всего,"K73, K74.0-K74.2, K74.6",10-14,4
Всего,"K73, K74.0-K74.2, K74.6",15-19,0
Всего,"K73, K74.0-K74.2, K74.6",20-24,4
Всего,"K73, K74.0-K74.2, K74.6",25-29,11
Всего,"K73, K74.0-K74.2, K74.6",30-34,11
Всего,"K73, K74.0-K74.2, K74.6",35-39,71
Всего,"K73, K74.0-K74.2, K74.6",40-44,164
Всего,"K73, K74.0-K74.2, K74.6",45-49,172
Всего,"K73, K74.0-K74.2, K74.6",50-54,220
Всего,"K73, K74.0-K74.2, K74.6",55-59,172
Всего,"K73, K74.0-K74.2, K74.6",60-64,194
Всего,"K73, K74.0-K74.2, K74.6",65-69,172
Всего,"K73, K74.0-K74.2, K74.6",70-74,101
Всего,U07.1 - U07.2 (COVID-19),Всего,347
Всего,U07.1 - U07.2 (COVID-19),0-4,0
Всего,U07.1 - U07.2 (COVID-19),5-9,0
Всего,U07.1 - U07.2 (COVID-19),10-14,0
Всего,U07.1 - U07.2 (COVID-19),15-19,4
Всего,U07.1 - U07.2 (COVID-19),20-24,4
Всего,U07.1 - U07.2 (COVID-19),25-29,7
Всего,U07.1 - U07.2 (COVID-19),30-34,4
Всего,U07.1 - U07.2 (COVID-19),35-39,4
Всего,U07.1 - U07.2 (COVID-19),40-44,11
Всего,U07.1 - U07.2 (COVID-19),45-49,22
Всего,U07.1 - U07.2 (COVID-19),50-54,30
Всего,U07.1 - U07.2 (COVID-19),55-59,22
Всего,U07.1 - U07.2 (COVID-19),60-64,75
Всего,U07.1 - U07.2 (COVID-19),65-69,86
Всего,U07.1 - U07.2 (COVID-19),70-74,78
Всего,All,Всего,20560
Всего,All,0-4,679
Всего,All,5-9,37
Всего,All,10-14,52
Всего,All,15-19,63
Всего,All,20-24,52
Всего,All,25-29,108
Всего,All,30-34,336
Всего,All,35-39,504
Всего,All,40-44,1011
Всего,All,45-49,1436
Всего,All,50-54,1851
Всего,All,55-59,2507
Всего,All,60-64,3462
Всего,All,65-69,4112
Всего,All,70-74,4350
Мужчины,"A15-A19, B90, J65",Всего,102
Мужчины,"A15-A19, B90, J65",0-4,0
Мужчины,"A15-A19, B90, J65",5-9,0
Мужчины,"A15-A19, B90, J65",10-14,0
Мужчины,"A15-A19, B90, J65",15-19,0
Мужчины,"A15-A19, B90, J65",20-24,0
Мужчины,"A15-A19, B90, J65",25-29,0
Мужчины,"A15-A19, B90, J65",30-34,4
Мужчины,"A15-A19, B90, J65",35-39,0
Мужчины,"A15-A19, B90, J65",40-44,15
Мужчины,"A15-A19, B90, J65",45-49,11
Мужчины,"A15-A19, B90, J65",50-54,4
Мужчины,"A15-A19, B90, J65",55-59,19
Мужчины,"A15-A19, B90, J65",60-64,34
Мужчины,"A15-A19, B90, J65",65-69,11
Мужчины,"A15-A19, B90, J65",70-74,4
Мужчины,C00-C14,Всего,127
Мужчины,C00-C14,0-4,0
Мужчины,C00-C14,5-9,0
Мужчины,C00-C14,10-14,0
Мужчины,C00-C14,15-19,0
Мужчины,C00-C14,20-24,0
Мужчины,C00-C14,25-29,0
Мужчины,C00-C14,30-34,4
Мужчины,C00-C14,35-39,7
Мужчины,C00-C14,40-44,0
Мужчины,C00-C14,45-49,11
Мужчины,C00-C14,50-54,19
Мужчины,C00-C14,55-59,26
Мужчины,C00-C14,60-64,34
Мужчины,C00-C14,65-69,11
Мужчины,C00-C14,70-74,15
Мужчины,C16,Всего,239
Мужчины,C16,0-4,0
Мужчины,C16,5-9,0
Мужчины,C16,10-14,0
Мужчины,C16,15-19,0
Мужчины,C16,20-24,0
Мужчины,C16,25-29,0
Мужчины,C16,30-34,0
Мужчины,C16,35-39,4
Мужчины,C16,40-44,4
Мужчины,C16,45-49,11
Мужчины,C16,50-54,30
Мужчины,C16,55-59,15
Мужчины,C16,60-64,45
Мужчины,C16,65-69,67
Мужчины,C16,70-74,63
Мужчины,C22,Всего,173
Мужчины,C22,0-4,4
Мужчины,C22,5-9,0
Мужчины,C22,10-14,0
Мужчины,C22,15-19,0
Мужчины,C22,20-24,0
Мужчины,C22,25-29,4
Мужчины,C22,30-34,0
Мужчины,C22,35-39,4
Мужчины,C22,40-44,4
Мужчины,C22,45-49,7
Мужчины,C22,50-54,26
Мужчины,C22,55-59,34
Мужчины,C22,60-64,34
Мужчины,C22,65-69,26
Мужчины,C22,70-74,30
Мужчины,C33-C34,Всего,525
Мужчины,C33-C34,0-4,0
Мужчины,C33-C34,5-9,0
Мужчины,C33-C34,10-14,0
Мужчины,C33-C34,15-19,4
Мужчины,C33-C34,20-24,0
Мужчины,C33-C34,25-29,7
Мужчины,C33-C34,30-34,11
Мужчины,C33-C34,35-39,7
Мужчины,C33-C34,40-44,4
Мужчины,C33-C34,45-49,4
Мужчины,C33-C34,50-54,26
Мужчины,C33-C34,55-59,56
Мужчины,C33-C34,60-64,149
Мужчины,C33-C34,65-69,164
Мужчины,C33-C34,70-74,93
Мужчины,C18-C21,Всего,279
Мужчины,C18-C21,0-4,0
Мужчины,C18-C21,5-9,0
Мужчины,C18-C21,10-14,0
Мужчины,C18-C21,15-19,0
Мужчины,C18-C21,20-24,0
Мужчины,C18-C21,25-29,0
Мужчины,C18-C21,30-34,0
Мужчины,C18-C21,35-39,11
Мужчины,C18-C21,40-44,7
Мужчины,C18-C21,45-49,7
Мужчины,C18-C21,50-54,26
Мужчины,C18-C21,55-59,52
Мужчины,C18-C21,60-64,56
Мужчины,C18-C21,65-69,60
Мужчины,C18-C21,70-74,60
Мужчины,E10-E14,Всего,598
Мужчины,E10-E14,0-4,0
Мужчины,E10-E14,5-9,0
Мужчины,E10-E14,10-14,0
Мужчины,E10-E14,15-19,0
Мужчины,E10-E14,20-24,0
Мужчины,E10-E14,25-29,0
Мужчины,E10-E14,30-34,4
Мужчины,E10-E14,35-39,4
Мужчины,E10-E14,40-44,19
Мужчины,E10-E14,45-49,19
Мужчины,E10-E14,50-54,45
Мужчины,E10-E14,55-59,63
Мужчины,E10-E14,60-64,138
Мужчины,E10-E14,65-69,168
Мужчины,E10-E14,70-74,138
Мужчины,"I10-I13, I15",Всего,404
Мужчины,"I10-I13, I15",0-4,0
Мужчины,"I10-I13, I15",5-9,0
Мужчины,"I10-I13, I15",10-14,0
Мужчины,"I10-I13, I15",15-19,0
Мужчины,"I10-I13, I15",20-24,0
Мужчины,"I10-I13, I15",25-29,4
Мужчины,"I10-I13, I15",30-34,0
Мужчины,"I10-I13, I15",35-39,7
Мужчины,"I10-I13, I15",40-44,30
Мужчины,"I10-I13, I15",45-49,26
Мужчины,"I10-I13, I15",50-54,49
Мужчины,"I10-I13, I15",55-59,101
Мужчины,"I10-I13, I15",60-64,90
Мужчины,"I10-I13, I15",65-69,63
Мужчины,"I10-I13, I15",70-74,34
Мужчины,I20-I25,Всего,3649
Мужчины,I20-I25,0-4,0
Мужчины,I20-I25,5-9,0
Мужчины,I20-I25,10-14,0
Мужчины,I20-I25,15-19,0
Мужчины,I20-I25,20-24,4
Мужчины,I20-I25,25-29,4
Мужчины,I20-I25,30-34,34
Мужчины,I20-I25,35-39,67
Мужчины,I20-I25,40-44,127
Мужчины,I20-I25,45-49,287
Мужчины,I20-I25,50-54,440
Мужчины,I20-I25,55-59,638
Мужчины,I20-I25,60-64,679
Мужчины,I20-I25,65-69,705
Мужчины,I20-I25,70-74,664
Мужчины,I60-I69,Всего,1791
Мужчины,I60-I69,0-4,4
Мужчины,I60-I69,5-9,4
Мужчины,I60-I69,10-14,0
Мужчины,I60-I69,15-19,4
Мужчины,I60-I69,20-24,4
Мужчины,I60-I69,25-29,11
Мужчины,I60-I69,30-34,26
Мужчины,I60-I69,35-39,26
Мужчины,I60-I69,40-44,67
Мужчины,I60-I69,45-49,131
Мужчины,I60-I69,50-54,160
Мужчины,I60-I69,55-59,250
Мужчины,I60-I69,60-64,328
Мужчины,I60-I69,65-69,392
Мужчины,I60-I69,70-74,384
Мужчины,"I26, I80, I82.9",Всего,145
Мужчины,"I26, I80, I82.9",0-4,0
Мужчины,"I26, I80, I82.9",5-9,0
Мужчины,"I26, I80, I82.9",10-14,4
Мужчины,"I26, I80, I82.9",15-19,0
Мужчины,"I26, I80, I82.9",20-24,0
Мужчины,"I26, I80, I82.9",25-29,0
Мужчины,"I26, I80, I82.9",30-34,11
Мужчины,"I26, I80, I82.9",35-39,11
Мужчины,"I26, I80, I82.9",40-44,7
Мужчины,"I26, I80, I82.9",45-49,7
Мужчины,"I26, I80, I82.9",50-54,19
Мужчины,"I26, I80, I82.9",55-59,19
Мужчины,"I26, I80, I82.9",60-64,26
Мужчины,"I26, I80, I82.9",65-69,26
Мужчины,"I26, I80, I82.9",70-74,15
Мужчины,J40-J44,Всего,792
Мужчины,J40-J44,0-4,0
Мужчины,J40-J44,5-9,0
Мужчины,J40-J44,10-14,0
Мужчины,J40-J44,15-19,0
Мужчины,J40-J44,20-24,0
Мужчины,J40-J44,25-29,0
Мужчины,J40-J44,30-34,0
Мужчины,J40-J44,35-39,4
Мужчины,J40-J44,40-44,4
Мужчины,J40-J44,45-49,37
Мужчины,J40-J44,50-54,30
Мужчины,J40-J44,55-59,78
Мужчины,J40-J44,60-64,157
Мужчины,J40-J44,65-69,228
Мужчины,J40-J44,70-74,254
Мужчины,"J12, J15, J16- J18",Всего,660
Мужчины,"J12, J15, J16- J18",0-4,60
Мужчины,"J12, J15, J16- J18",5-9,4
Мужчины,"J12, J15, J16- J18",10-14,0
Мужчины,"J12, J15, J16- J18",15-19,7
Мужчины,"J12, J15, J16- J18",20-24,7
Мужчины,"J12, J15, J16- J18",25-29,0
Мужчины,"J12, J15, J16- J18",30-34,11
Мужчины,"J12, J15, J16- J18",35-39,49
Мужчины,"J12, J15, J16- J18",40-44,49
Мужчины,"J12, J15, J16- J18",45-49,78
Мужчины,"J12, J15, J16- J18",50-54,26
Мужчины,"J12, J15, J16- J18",55-59,67
Мужчины,"J12, J15, J16- J18",60-64,71
Мужчины,"J12, J15, J16- J18",65-69,104
Мужчины,"J12, J15, J16- J18",70-74,127
Мужчины,K25-K28,Всего,131
Мужчины,K25-K28,0-4,0
Мужчины,K25-K28,5-9,0
Мужчины,K25-K28,10-14,0
Мужчины,K25-K28,15-19,4
Мужчины,K25-K28,20-24,0
Мужчины,K25-K28,25-29,0
Мужчины,K25-K28,30-34,0
Мужчины,K25-K28,35-39,4
Мужчины,K25-K28,40-44,11
Мужчины,K25-K28,45-49,7
Мужчины,K25-K28,50-54,4
Мужчины,K25-K28,55-59,15
Мужчины,K25-K28,60-64,26
Мужчины,K25-K28,65-69,41
Мужчины,K25-K28,70-74,19
Мужчины,N17-N19,Всего,270
Мужчины,N17-N19,0-4,0
Мужчины,N17-N19,5-9,0
Мужчины,N17-N19,10-14,11
Мужчины,N17-N19,15-19,0
Мужчины,N17-N19,20-24,0
Мужчины,N17-N19,25-29,4
Мужчины,N17-N19,30-34,11
Мужчины,N17-N19,35-39,4
Мужчины,N17-N19,40-44,15
Мужчины,N17-N19,45-49,4
Мужчины,N17-N19,50-54,15
Мужчины,N17-N19,55-59,45
Мужчины,N17-N19,60-64,45
Мужчины,N17-N19,65-69,67
Мужчины,N17-N19,70-74,49
Мужчины,P00-P96,Всего,116
Мужчины,P00-P96,0-4,116
Мужчины,P00-P96,5-9,0
Мужчины,P00-P96,10-14,0
Мужчины,P00-P96,15-19,0
Мужчины,P00-P96,20-24,0
Мужчины,P00-P96,25-29,0
Мужчины,P00-P96,30-34,0
Мужчины,P00-P96,35-39,0
Мужчины,P00-P96,40-44,0
Мужчины,P00-P96,45-49,0
Мужчины,P00-P96,50-54,0
Мужчины,P00-P96,55-59,0
Мужчины,P00-P96,60-64,0
Мужчины,P00-P96,65-69,0
Мужчины,P00-P96,70-74,0
Мужчины,"E24.4, F10, G31.2, G62.1, G72.1, I42.6, K29.2, K70",Всего,423
Мужчины,"E24.4, F10, G31.2, G62.1, G72.1, I42.6, K29.2, K70",0-4,0
Мужчины,"E24.4, F10, G31.2, G62.1, G72.1, I42.6, K29.2, K70",5-9,0
Мужчины,"E24.4, F10, G31.2, G62.1, G72.1, I42.6, K29.2, K70",10-14,0
Мужчины,"E24.4, F10, G31.2, G62.1, G72.1, I42.6, K29.2, K70",15-19,0
Мужчины,"E24.4, F10, G31.2, G62.1, G72.1, I42.6, K29.2, K70",20-24,4
Мужчины,"E24.4, F10, G31.2, G62.1, G72.1, I42.6, K29.2, K70",25-29,4
Мужчины,"E24.4, F10, G31.2, G62.1, G72.1, I42.6, K29.2, K70",30-34,30
Мужчины,"E24.4, F10, G31.2, G62.1, G72.1, I42.6, K29.2, K70",35-39,19
Мужчины,"E24.4, F10, G31.2, G62.1, G72.1, I42.6, K29.2, K70",40-44,75
Мужчины,"E24.4, F10, G31.2, G62.1, G72.1, I42.6, K29.2, K70",45-49,116
Мужчины,"E24.4, F10, G31.2, G62.1, G72.1, I42.6, K29.2, K70",50-54,45
Мужчины,"E24.4, F10, G31.2, G62.1, G72.1, I42.6, K29.2, K70",55-59,82
Мужчины,"E24.4, F10, G31.2, G62.1, G72.1, I42.6, K29.2, K70",60-64,37
Мужчины,"E24.4, F10, G31.2, G62.1, G72.1, I42.6, K29.2, K70",65-69,11
Мужчины,"E24.4, F10, G31.2, G62.1, G72.1, I42.6, K29.2, K70",70-74,0
Мужчины,"K73, K74.0-K74.2, K74.6",Всего,891
Мужчины,"K73, K74.0-K74.2, K74.6",0-4,0
Мужчины,"K73, K74.0-K74.2, K74.6",5-9,0
Мужчины,"K73, K74.0-K74.2, K74.6",10-14,0
Мужчины,"K73, K74.0-K74.2, K74.6",15-19,0
Мужчины,"K73, K74.0-K74.2, K74.6",20-24,4
Мужчины,"K73, K74.0-K74.2, K74.6",25-29,7
Мужчины,"K73, K74.0-K74.2, K74.6",30-34,7
Мужчины,"K73, K74.0-K74.2, K74.6",35-39,49
Мужчины,"K73, K74.0-K74.2, K74.6",40-44,104
Мужчины,"K73, K74.0-K74.2, K74.6",45-49,108
Мужчины,"K73, K74.0-K74.2, K74.6",50-54,153
Мужчины,"K73, K74.0-K74.2, K74.6",55-59,134
Мужчины,"K73, K74.0-K74.2, K74.6",60-64,142
Мужчины,"K73, K74.0-K74.2, K74.6",65-69,131
Мужчины,"K73, K74.0-K74.2, K74.6",70-74,52
Мужчины,U07.1 - U07.2 (COVID-19),Всего,201
Мужчины,U07.1 - U07.2 (COVID-19),0-4,0
Мужчины,U07.1 - U07.2 (COVID-19),5-9,0
Мужчины,U07.1 - U07.2 (COVID-19),10-14,0
Мужчины,U07.1 - U07.2 (COVID-19),15-19,4
Мужчины,U07.1 - U07.2 (COVID-19),20-24,4
Мужчины,U07.1 - U07.2 (COVID-19),25-29,0
Мужчины,U07.1 - U07.2 (COVID-19),30-34,0
Мужчины,U07.1 - U07.2 (COVID-19),35-39,0
Мужчины,U07.1 - U07.2 (COVID-19),40-44,7
Мужчины,U07.1 - U07.2 (COVID-19),45-49,11
Мужчины,U07.1 - U07.2 (COVID-19),50-54,22
Мужчины,U07.1 - U07.2 (COVID-19),55-59,22
Мужчины,U07.1 - U07.2 (COVID-19),60-64,45
Мужчины,U07.1 - U07.2 (COVID-19),65-69,30
Мужчины,U07.1 - U07.2 (COVID-19),70-74,56
Мужчины,All,Всего,12587
Мужчины,All,0-4,310
Мужчины,All,5-9,22
Мужчины,All,10-14,37
Мужчины,All,15-19,41
Мужчины,All,20-24,30
Мужчины,All,25-29,63
Мужчины,All,30-34,209
Мужчины,All,35-39,336
Мужчины,All,40-44,638
Мужчины,All,45-49,936
Мужчины,All,50-54,1231
Мужчины,All,55-59,1828
Мужчины,All,60-64,2250
Мужчины,All,65-69,2451
Мужчины,All,70-74,2205
Женщины,C16,Всего,212
Женщины,C16,0-4,0
Женщины,C16,5-9,0
Женщины,C16,10-14,0
Женщины,C16,15-19,0
Женщины,C16,20-24,4
Женщины,C16,25-29,0
Женщины,C16,30-34,4
Женщины,C16,35-39,15
Женщины,C16,40-44,11
Женщины,C16,45-49,19
Женщины,C16,50-54,7
Женщины,C16,55-59,30
Женщины,C16,60-64,22
Женщины,C16,65-69,63
Женщины,C16,70-74,37
Женщины,C33-C34,Всего,199
Женщины,C33-C34,0-4,0
Женщины,C33-C34,5-9,0
Женщины,C33-C34,10-14,0
Женщины,C33-C34,15-19,7
Женщины,C33-C34,20-24,0
Женщины,C33-C34,25-29,0
Женщины,C33-C34,30-34,4
Женщины,C33-C34,35-39,0
Женщины,C33-C34,40-44,4
Женщины,C33-C34,45-49,19
Женщины,C33-C34,50-54,30
Женщины,C33-C34,55-59,19
Женщины,C33-C34,60-64,34
Женщины,C33-C34,65-69,30
Женщины,C33-C34,70-74,52
Женщины,C53,Всего,225
Женщины,C53,0-4,0
Женщины,C53,5-9,0
Женщины,C53,10-14,0
Женщины,C53,15-19,0
Женщины,C53,20-24,0
Женщины,C53,25-29,7
Женщины,C53,30-34,19
Женщины,C53,35-39,11
Женщины,C53,40-44,19
Женщины,C53,45-49,34
Женщины,C53,50-54,30
Женщины,C53,55-59,19
Женщины,C53,60-64,34
Женщины,C53,65-69,26
Женщины,C53,70-74,26
Женщины,C18-C21,Всего,243
Женщины,C18-C21,0-4,0
Женщины,C18-C21,5-9,0
Женщины,C18-C21,10-14,0
Женщины,C18-C21,15-19,0
Женщины,C18-C21,20-24,4
Женщины,C18-C21,25-29,4
Женщины,C18-C21,30-34,0
Женщины,C18-C21,35-39,7
Женщины,C18-C21,40-44,4
Женщины,C18-C21,45-49,15
Женщины,C18-C21,50-54,15
Женщины,C18-C21,55-59,30
Женщины,C18-C21,60-64,52
Женщины,C18-C21,65-69,52
Женщины,C18-C21,70-74,60
Женщины,C50,Всего,391
Женщины,C50,0-4,0
Женщины,C50,5-9,0
Женщины,C50,10-14,0
Женщины,C50,15-19,0
Женщины,C50,20-24,0
Женщины,C50,25-29,0
Женщины,C50,30-34,7
Женщины,C50,35-39,7
Женщины,C50,40-44,30
Женщины,C50,45-49,34
Женщины,C50,50-54,56
Женщины,C50,55-59,30
Женщины,C50,60-64,63
Женщины,C50,65-69,67
Женщины,C50,70-74,97
Женщины,E10-E14,Всего,658
Женщины,E10-E14,0-4,0
Женщины,E10-E14,5-9,0
Женщины,E10-E14,10-14,0
Женщины,E10-E14,15-19,4
Женщины,E10-E14,20-24,0
Женщины,E10-E14,25-29,0
Женщины,E10-E14,30-34,0
Женщины,E10-E14,35-39,4
Женщины,E10-E14,40-44,4
Женщины,E10-E14,45-49,15
Женщины,E10-E14,50-54,22
Женщины,E10-E14,55-59,45
Женщины,E10-E14,60-64,127
Женщины,E10-E14,65-69,198
Женщины,E10-E14,70-74,239
Женщины,"I10-I13, I15",Всего,299
Женщины,"I10-I13, I15",0-4,0
Женщины,"I10-I13, I15",5-9,0
Женщины,"I10-I13, I15",10-14,0
Женщины,"I10-I13, I15",15-19,0
Женщины,"I10-I13, I15",20-24,0
Женщины,"I10-I13, I15",25-29,4
Женщины,"I10-I13, I15",30-34,4
Женщины,"I10-I13, I15",35-39,0
Женщины,"I10-I13, I15",40-44,15
Женщины,"I10-I13, I15",45-49,22
Женщины,"I10-I13, I15",50-54,22
Женщины,"I10-I13, I15",55-59,41
Женщины,"I10-I13, I15",60-64,49
Женщины,"I10-I13, I15",65-69,41
Женщины,"I10-I13, I15",70-74,101
Женщины,I20-I25,Всего,1533
Женщины,I20-I25,0-4,0
Женщины,I20-I25,5-9,0
Женщины,I20-I25,10-14,0
Женщины,I20-I25,15-19,0
Женщины,I20-I25,20-24,0
Женщины,I20-I25,25-29,0
Женщины,I20-I25,30-34,4
Женщины,I20-I25,35-39,7
Женщины,I20-I25,40-44,37
Женщины,I20-I25,45-49,82
Женщины,I20-I25,50-54,127
Женщины,I20-I25,55-59,108
Женщины,I20-I25,60-64,250
Женщины,I20-I25,65-69,336
Женщины,I20-I25,70-74,582
Женщины,I60-I69,Всего,1187
Женщины,I60-I69,0-4,22
Женщины,I60-I69,5-9,0
Женщины,I60-I69,10-14,0
Женщины,I60-I69,15-19,0
Женщины,I60-I69,20-24,0
Женщины,I60-I69,25-29,0
Женщины,I60-I69,30-34,4
Женщины,I60-I69,35-39,26
Женщины,I60-I69,40-44,52
Женщины,I60-I69,45-49,71
Женщины,I60-I69,50-54,75
Женщины,I60-I69,55-59,112
Женщины,I60-I69,60-64,213
Женщины,I60-I69,65-69,295
Женщины,I60-I69,70-74,317
Женщины,J40-J44,Всего,410
Женщины,J40-J44,0-4,0
Женщины,J40-J44,5-9,0
Женщины,J40-J44,10-14,0
Женщины,J40-J44,15-19,0
Женщины,J40-J44,20-24,0
Женщины,J40-J44,25-29,0
Женщины,J40-J44,30-34,4
Женщины,J40-J44,35-39,0
Женщины,J40-J44,40-44,4
Женщины,J40-J44,45-49,7
Женщины,J40-J44,50-54,15
Женщины,J40-J44,55-59,41
Женщины,J40-J44,60-64,71
Женщины,J40-J44,65-69,119
Женщины,J40-J44,70-74,149
Женщины,"J12, J15, J16- J18",Всего,431
Женщины,"J12, J15, J16- J18",0-4,60
Женщины,"J12, J15, J16- J18",5-9,4
Женщины,"J12, J15, J16- J18",10-14,0
Женщины,"J12, J15, J16- J18",15-19,4
Женщины,"J12, J15, J16- J18",20-24,4
Женщины,"J12, J15, J16- J18",25-29,0
Женщины,"J12, J15, J16- J18",30-34,15
Женщины,"J12, J15, J16- J18",35-39,19
Женщины,"J12, J15, J16- J18",40-44,19
Женщины,"J12, J15, J16- J18",45-49,15
Женщины,"J12, J15, J16- J18",50-54,11
Женщины,"J12, J15, J16- J18",55-59,30
Женщины,"J12, J15, J16- J18",60-64,41
Женщины,"J12, J15, J16- J18",65-69,90
Женщины,"J12, J15, J16- J18",70-74,119
Женщины,N17-N19,Всего,302
Женщины,N17-N19,0-4,7
Женщины,N17-N19,5-9,0
Женщины,N17-N19,10-14,0
Женщины,N17-N19,15-19,0
Женщины,N17-N19,20-24,0
Женщины,N17-N19,25-29,0
Женщины,N17-N19,30-34,4
Женщины,N17-N19,35-39,11
Женщины,N17-N19,40-44,11
Женщины,N17-N19,45-49,7
Женщины,N17-N19,50-54,26
Женщины,N17-N19,55-59,19
Женщины,N17-N19,60-64,34
Женщины,N17-N19,65-69,86
Женщины,N17-N19,70-74,97
Женщины,P00-P96,Всего,127
Женщины,P00-P96,0-4,127
Женщины,P00-P96,5-9,0
Женщины,P00-P96,10-14,0
Женщины,P00-P96,15-19,0
Женщины,P00-P96,20-24,0
Женщины,P00-P96,25-29,0
Женщины,P00-P96,30-34,0
Женщины,P00-P96,35-39,0
Женщины,P00-P96,40-44,0
Женщины,P00-P96,45-49,0
Женщины,P00-P96,50-54,0
Женщины,P00-P96,55-59,0
Женщины,P00-P96,60-64,0
Женщины,P00-P96,65-69,0
Женщины,P00-P96,70-74,0
Женщины,Q20-Q28,Всего,105
Женщины,Q20-Q28,0-4,93
Женщины,Q20-Q28,5-9,0
Женщины,Q20-Q28,10-14,4
Женщины,Q20-Q28,15-19,0
Женщины,Q20-Q28,20-24,0
Женщины,Q20-Q28,25-29,0
Женщины,Q20-Q28,30-34,0
Женщины,Q20-Q28,35-39,0
Женщины,Q20-Q28,40-44,0
Женщины,Q20-Q28,45-49,0
Женщины,Q20-Q28,50-54,0
Женщины,Q20-Q28,55-59,4
Женщины,Q20-Q28,60-64,4
Женщины,Q20-Q28,65-69,0
Женщины,Q20-Q28,70-74,0
Женщины,"E24.4, F10, G31.2, G62.1, G72.1, I42.6, K29.2, K70",Всего,111
Женщины,"E24.4, F10, G31.2, G62.1, G72.1, I42.6, K29.2, K70",0-4,0
Женщины,"E24.4, F10, G31.2, G62.1, G72.1, I42.6, K29.2, K70",5-9,0
Женщины,"E24.4, F10, G31.2, G62.1, G72.1, I42.6, K29.2, K70",10-14,0
Женщины,"E24.4, F10, G31.2, G62.1, G72.1, I42.6, K29.2, K70",15-19,0
Женщины,"E24.4, F10, G31.2, G62.1, G72.1, I42.6, K29.2, K70",20-24,0
Женщины,"E24.4, F10, G31.2, G62.1, G72.1, I42.6, K29.2, K70",25-29,0
Женщины,"E24.4, F10, G31.2, G62.1, G72.1, I42.6, K29.2, K70",30-34,11
Женщины,"E24.4, F10, G31.2, G62.1, G72.1, I42.6, K29.2, K70",35-39,15
Женщины,"E24.4, F10, G31.2, G62.1, G72.1, I42.6, K29.2, K70",40-44,22
Женщины,"E24.4, F10, G31.2, G62.1, G72.1, I42.6, K29.2, K70",45-49,19
Женщины,"E24.4, F10, G31.2, G62.1, G72.1, I42.6, K29.2, K70",50-54,22
Женщины,"E24.4, F10, G31.2, G62.1, G72.1, I42.6, K29.2, K70",55-59,11
Женщины,"E24.4, F10, G31.2, G62.1, G72.1, I42.6, K29.2, K70",60-64,7
Женщины,"E24.4, F10, G31.2, G62.1, G72.1, I42.6, K29.2, K70",65-69,4
Женщины,"E24.4, F10, G31.2, G62.1, G72.1, I42.6, K29.2, K70",70-74,0
Женщины,"K73, K74.0-K74.2, K74.6",Всего,403
Женщины,"K73, K74.0-K74.2, K74.6",0-4,0
Женщины,"K73, K74.0-K74.2, K74.6",5-9,0
Женщины,"K73, K74.0-K74.2, K74.6",10-14,4
Женщины,"K73, K74.0-K74.2, K74.6",15-19,0
Женщины,"K73, K74.0-K74.2, K74.6",20-24,0
Женщины,"K73, K74.0-K74.2, K74.6",25-29,4
Женщины,"K73, K74.0-K74.2, K74.6",30-34,4
Женщины,"K73, K74.0-K74.2, K74.6",35-39,22
Женщины,"K73, K74.0-K74.2, K74.6",40-44,60
Женщины,"K73, K74.0-K74.2, K74.6",45-49,63
Женщины,"K73, K74.0-K74.2, K74.6",50-54,67
Женщины,"K73, K74.0-K74.2, K74.6",55-59,37
Женщины,"K73, K74.0-K74.2, K74.6",60-64,52
Женщины,"K73, K74.0-K74.2, K74.6",65-69,41
Женщины,"K73, K74.0-K74.2, K74.6",70-74,49
Женщины,U07.1 - U07.2 (COVID-19),Всего,145
Женщины,U07.1 - U07.2 (COVID-19),0-4,0
Женщины,U07.1 - U07.2 (COVID-19),5-9,0
Женщины,U07.1 - U07.2 (COVID-19),10-14,0
Женщины,U07.1 - U07.2 (COVID-19),15-19,0
Женщины,U07.1 - U07.2 (COVID-19),20-24,0
Женщины,U07.1 - U07.2 (COVID-19),25-29,7
Женщины,U07.1 - U07.2 (COVID-19),30-34,4
Женщины,U07.1 - U07.2 (COVID-19),35-39,4
Женщины,U07.1 - U07.2 (COVID-19),40-44,4
Женщины,U07.1 - U07.2 (COVID-19),45-49,11
Женщины,U07.1 - U07.2 (COVID-19),50-54,7
Женщины,U07.1 - U07.2 (COVID-19),55-59,0
Женщины,U07.1 - U07.2 (COVID-19),60-64,30
Женщины,U07.1 - U07.2 (COVID-19),65-69,56
Женщины,U07.1 - U07.2 (COVID-19),70-74,22
Женщины,All,Всего,7972
Женщины,All,0-4,369
Женщины,All,5-9,15
Женщины,All,10-14,15
Женщины,All,15-19,22
Женщины,All,20-24,22
Женщины,All,25-29,45
Женщины,All,30-34,127
Женщины,All,35-39,168
Женщины,All,40-44,373
Женщины,All,45-49,500
Женщины,All,50-54,619
Женщины,All,55-59,679
Женщины,All,60-64,1213
Женщины,All,65-69,1660
Женщины,All,70-74,2145
